Code,Country,Year,HIC,BaselineIncidence,InterventionIncidence,Change,PercentChange,InterventionApplied
AFG,Afghanistan,2024,0,229.06,227.47335718324672,-1.5866428167532831,-0.6926756381527069,1
AGO,Angola,2024,0,14.99,14.879722600017876,-0.11027739998212382,-0.7356731152861118,1
ALB,Albania,2024,0,17.55,17.42206718138409,-0.12793281861591055,-0.7289619294312342,1
ARE,United Arab Emirates,2024,1,53.14,52.766615482487055,-0.373384517512946,-0.7026430513967695,0
ARG,Argentina,2024,0,0.31,0.30096539124599236,-0.009034608754007634,-2.914389919707498,1
ARM,Armenia,2024,0,187.64,186.339016339423,-1.300983660576975,-0.6933402582478585,1
AUS,Australia,2024,1,2.13,2.108413492061035,-0.021586507938964772,-1.0134510768991232,0
AUT,Austria,2024,1,61.07,60.64192506460973,-0.42807493539027064,-0.7009578113469292,0
AZE,Azerbaijan,2024,0,1614.65,1603.5074308141902,-11.142569185809862,-0.6900919199708402,1
BDI,Burundi,2024,0,186.22,184.92880957944644,-1.291190420553562,-0.6933682851212913,1
BEL,Belgium,2024,1,44.89,44.57351282769359,-0.31648717230640955,-0.7050282296852406,0
BEN,Benin,2024,0,53.86,53.481649895996306,-0.37835010400369384,-0.7024695581191819,1
BFA,Burkina Faso,2024,0,309.57,307.42810806051006,-2.1418919394899376,-0.6918926057076739,1
BGD,Bangladesh,2024,0,1.42,1.4033101120727496,-0.016689887927250346,-1.175344220146127,1
BGR,Bulgaria,2024,1,4.0,3.9655167604808863,-0.034483239519113695,-0.8620809879562904,0
BHR,Bahrain,2024,1,1.24,1.2245515086954377,-0.015448491304562273,-1.245846072848099,0
BHS,Bahamas,2024,1,0.0,0.0,0.0,0.0,0
BIH,Bosnia and Herzegovina,2024,0,533.46,529.7740175613234,-3.6859824386766604,-0.6909576048205993,1
BLR,Belarus,2024,0,58.52,58.10951151676453,-0.4104884832354756,-0.7014499029985887,1
BLZ,Belize,2024,0,0.0,0.0,0.0,0.0,1
BOL,Bolivia (Plurinational State of),2024,0,0.24,0.23144815659926,-0.00855184340074,-3.5632680821569718,1
BRA,Brazil,2024,0,0.02,0.012965419138100977,-0.007034580861899023,-35.17290413363059,1
BRB,Barbados,2024,1,0.0,0.0,0.0,0.0,0
BRN,Brunei Darussalam,2024,1,0.0,0.0,0.0,0.0,0
BTN,Bhutan,2024,0,0.0,0.0,0.0,0.0,1
BWA,Botswana,2024,0,1.19,1.1748963410906286,-0.015103658909371376,-1.2692150342942992,1
CAF,Central African Republic,2024,0,22.14,21.98041156750554,-0.1595884324944592,-0.7208149615796675,1
CAN,Canada,2024,1,3.7,3.667585754852034,-0.03241424514796609,-0.8760606796510819,0
CHE,Switzerland,2024,1,11.21,11.125791929094325,-0.08420807090567628,-0.7511870731929089,0
CHL,Chile,2024,1,0.0,0.0,0.0,0.0,0
CHN,China,2024,0,0.9,0.8868963689827373,-0.013103631017262751,-1.4559590017563102,1
CIV,Côte d'Ivoire,2024,0,207.58,206.1414971802208,-1.4385028197792167,-0.6929871951915039,1
CMR,Cameroon,2024,0,29.84,29.62730737864611,-0.21269262135389155,-0.7127768812103847,1
COD,Democratic Republic of the Congo,2024,0,46.54,46.21213335865227,-0.32786664134773247,-0.7044835439343102,1
COG,Congo,2024,0,28.74,28.534893691340315,-0.20510630865968338,-0.7136614775886212,1
COK,Cook Islands,2024,0,0.0,0.0,0.0,0.0,1
COL,Colombia,2024,0,0.0,0.0,0.0,0.0,1
COM,Comoros,2024,0,18.46,18.325791231791612,-0.13420876820838856,-0.7270247465203767,1
CRI,Costa Rica,2024,1,0.0,0.0,0.0,0.0,0
CUB,Cuba,2024,0,0.0,0.0,0.0,0.0,1
CYP,Cyprus,2024,1,19.88,19.735997991768187,-0.14400200823181208,-0.7243561782247875,0
CZE,Czechia,2024,1,3.45,3.4193099168279892,-0.03069008317201094,-0.8895676281484455,0
DEU,Germany,2024,1,7.72,7.659861230278667,-0.06013876972133314,-0.7789996077791987,0
DJI,Djibouti,2024,0,51.34,50.97902944871392,-0.3609705512860799,-0.7030980741826584,1
DMA,Dominica,2024,0,0.0,0.0,0.0,0.0,1
DNK,Denmark,2024,1,4.18,4.144275363858198,-0.03572463614180155,-0.8546563670082988,0
DOM,Dominican Republic,2024,0,0.0,0.0,0.0,0.0,1
DZA,Algeria,2024,0,1.62,1.601930782491985,-0.018069217508015045,-1.1153837967222013,1
ECU,Ecuador,2024,0,0.0,0.0,0.0,0.0,1
EGY,Egypt,2024,0,0.78,0.7677239667311959,-0.01227603326880411,-1.5738504188756741,1
ERI,Eritrea,2024,0,2.83,2.8035858385283596,-0.02641416147164044,-0.9333625961380593,1
ESP,Spain,2024,1,5.03,4.98841321313995,-0.04158678686005057,-0.826775086664489,0
EST,Estonia,2024,1,2.94,2.912827207258939,-0.02717279274106099,-0.9242446510250595,0
ETH,Ethiopia,2024,0,228.69,227.105908942971,-1.584091057028985,-0.6926805094356082,1
FIN,Finland,2024,1,0.36,0.35062055885080123,-0.009379441149198753,-2.6054003184981536,0
FJI,Fiji,2024,0,0.0,0.0,0.0,0.0,1
FRA,France,2024,1,7.27,7.212964721835386,-0.057035278164613956,-0.784529273230116,0
FSM,Micronesia (Federated States of),2024,0,0.0,0.0,0.0,0.0,1
GAB,Gabon,2024,0,11.82,11.731584973872993,-0.08841502612700758,-0.7480120653659862,1
GBR,United Kingdom of Great Britain and Northern Ireland,2024,1,42.29,41.99144411224352,-0.29855588775647846,-0.7059727778571115,0
GEO,Georgia,2024,0,91.92,91.27916347677684,-0.6408365232231574,-0.6971676710427113,1
GHA,Ghana,2024,0,121.68,120.83391923515913,-0.8460807648408775,-0.6953326469758235,1
GIN,Guinea,2024,0,43.04,42.73627162631565,-0.30372837368435057,-0.7056886005660894,1
GMB,Gambia,2024,0,6.88,6.825654414517879,-0.054345585482121095,-0.7899067657170231,1
GNB,Guinea-Bissau,2024,0,25.44,25.257652629422935,-0.18234737057706596,-0.7167742554101776,1
GNQ,Equatorial Guinea,2024,0,272.65,270.762732301119,-1.8872676988809758,-0.6921942779681951,1
GRC,Greece,2024,1,3.78,3.7470340230197277,-0.03296597698027215,-0.872115793105821,0
GRD,Grenada,2024,0,0.0,0.0,0.0,0.0,1
GTM,Guatemala,2024,0,0.0,0.0,0.0,0.0,1
GUY,Guyana,2024,1,0.0,0.0,0.0,0.0,0
HND,Honduras,2024,0,0.0,0.0,0.0,0.0,1
HRV,Croatia,2024,1,8.52,8.45434391195561,-0.06565608804439016,-0.770611362014314,0
HTI,Haiti,2024,0,0.0,0.0,0.0,0.0,1
HUN,Hungary,2024,1,1.86,1.8402755869950673,-0.019724413004932773,-1.0604523120361462,0
IDN,Indonesia,2024,0,25.37,25.1881353947762,-0.18186460522380088,-0.7168490548801105,1
IND,India,2024,0,14.31,14.204412320592473,-0.10558767940752745,-0.7378593948762375,1
IRL,Ireland,2024,1,40.34,40.05489257565598,-0.2851074243440266,-0.7067610915798705,0
IRN,Iran (Islamic Republic of),2024,0,4.77,4.730206341594943,-0.03979365840505622,-0.8342486038620959,1
IRQ,Iraq,2024,0,703.71,698.8498632556975,-4.860136744302508,-0.6906448315786072,1
ISL,Iceland,2024,1,5.08,5.038068380744758,-0.04193161925524169,-0.825425575874336,0
ISR,Israel,2024,1,3.3,3.2703444140135627,-0.02965558598643714,-0.8986541207738935,0
ITA,Italy,2024,1,17.78,17.650480952366213,-0.12951904763378863,-0.7284535862376839,0
JAM,Jamaica,2024,0,0.0,0.0,0.0,0.0,1
JOR,Jordan,2024,0,1.38,1.3635859779889024,-0.01641402201109754,-1.1894218847759506,1
JPN,Japan,2024,1,0.34,0.3307584918088778,-0.009241508191122239,-2.7180906436482783,0
KAZ,Kazakhstan,2024,0,1366.85,1357.4164201647573,-9.433579835242654,-0.6901693554700197,1
KEN,Kenya,2024,0,24.47,24.294342377889635,-0.1756576221103643,-0.7178488847962667,1
KGZ,Kyrgyzstan,2024,0,2005.01,1991.1752553384529,-13.83474466154712,-0.6900087611306891,1
KHM,Cambodia,2024,0,37.76,37.492685927247834,-0.2673140727521641,-0.7079292180917802,1
KIR,Kiribati,2024,0,0.0,0.0,0.0,0.0,1
KNA,Saint Kitts and Nevis,2024,1,0.0,0.0,0.0,0.0,0
KOR,Republic of Korea,2024,1,0.95,0.9365515365875461,-0.01344846341245387,-1.4156277274777098,0
KWT,Kuwait,2024,1,1.42,1.4033101120727496,-0.016689887927250346,-1.175344220146127,0
LAO,Lao People's Democratic Republic,2024,0,0.13,0.12220678786868051,-0.007793212131319491,-5.9947785579420865,1
LBN,Lebanon,2024,0,12.75,12.65517109132244,-0.09482890867755955,-0.7437561464848298,1
LBR,Liberia,2024,0,399.98,397.2145821235254,-2.7654178764746007,-0.6913890385704058,1
LBY,Libya,2024,0,25.06,24.880273355626386,-0.17972664437361274,-0.7171853326931188,1
LCA,Saint Lucia,2024,0,0.0,0.0,0.0,0.0,1
LKA,Sri Lanka,2024,0,13.33,13.231171035538225,-0.09882896446177547,-0.7414025841037815,1
LSO,Lesotho,2024,0,0.43,0.42013779349753366,-0.00986220650246633,-2.293536395389022,1
LTU,Lithuania,2024,1,9.44,9.367998995884092,-0.07200100411590782,-0.7627225012197574,0
LUX,Luxembourg,2024,1,4.46,4.422344302445127,-0.037655697554872525,-0.8442981514356105,0
LVA,Latvia,2024,1,0.0,0.0,0.0,0.0,0
MAR,Morocco,2024,0,10.74,10.659033353609122,-0.0809666463908787,-0.7538793891073073,1
MCO,Monaco,2024,1,51.77,51.406063890115284,-0.3639361098847189,-0.702986497747761,0
MDA,Republic of Moldova,2024,0,72.82,72.31088945173981,-0.5091105482601819,-0.6991356059591909,1
MDG,Madagascar,2024,0,3.38,3.3497926821812567,-0.030207317818743196,-0.8937076277470263,1
MDV,Maldives,2024,0,5.68,5.633930392002464,-0.04606960799753601,-0.8110846478296643,1
MEX,Mexico,2024,0,0.05,0.042758519700986306,-0.007241480299013697,-14.482960569061472,1
MHL,Marshall Islands,2024,0,0.0,0.0,0.0,0.0,1
MKD,North Macedonia,2024,0,1.1,1.0855170394019726,-0.01448296059802745,-1.3166327815191652,1
MLI,Mali,2024,0,15.12,15.008826035790376,-0.11117396420962322,-0.7352775410640737,1
MLT,Malta,2024,1,16.68,16.558067265060416,-0.12193273493958401,-0.7310116003528359,0
MMR,Myanmar,2024,0,0.55,0.5393101957490751,-0.010689804250924917,-1.9436007725420572,1
MNE,Montenegro,2024,0,54.82,54.435029114008636,-0.38497088599136475,-0.7022453228578301,1
MNG,Mongolia,2024,0,3.45,3.4193099168279892,-0.03069008317201094,-0.8895676281484455,1
MOZ,Mozambique,2024,0,20.39,20.242480701337232,-0.14751929866276825,-0.7234884681807002,1
MRT,Mauritania,2024,0,69.64,69.15282079207402,-0.48717920792597624,-0.6995680757111956,1
MWI,Malawi,2024,0,8.31,8.245792208015413,-0.06420779198458781,-0.7726569432468731,1
MYS,Malaysia,2024,0,106.62,105.87778275259069,-0.7422172474093145,-0.6961332277327127,1
NAM,Namibia,2024,0,24.42,24.244687210284834,-0.17531278971516784,-0.7179065917872642,1
NER,Niger,2024,0,62.63,62.191166293879775,-0.4388337061202279,-0.7006765226241851,1
NGA,Nigeria,2024,0,47.05,46.71861606822131,-0.33138393177868863,-0.704322915574887,1
NIC,Nicaragua,2024,0,0.0,0.0,0.0,0.0,1
NIU,Niue,2024,0,0.0,0.0,0.0,0.0,1
NLD,Netherlands (Kingdom of the),2024,1,11.25,11.165516063178174,-0.08448393682182598,-0.7509683272984445,0
NOR,Norway,2024,1,1.79,1.7707583523483348,-0.01924164765166525,-1.0749523827145417,0
NPL,Nepal,2024,0,3.91,3.876137458792231,-0.033862541207769326,-0.8660496472353779,1
NRU,Nauru,2024,1,0.0,0.0,0.0,0.0,0
NZL,New Zealand,2024,1,0.19,0.18179298899445112,-0.008207011005548881,-4.3194794743312634,0
OMN,Oman,2024,1,2.46,2.4361375982527735,-0.023862401747226425,-0.9700163311486345,0
PAK,Pakistan,2024,0,96.56,95.88716303050307,-0.6728369694969274,-0.6968071349381012,1
PAN,Panama,2024,1,0.0,0.0,0.0,0.0,0
PER,Peru,2024,0,0.06,0.05268955322194807,-0.007310446778051927,-12.184077943113081,1
PHL,Philippines,2024,0,34.56,34.31475520054008,-0.2452447994599254,-0.7096203688056011,1
PLW,Palau,2024,1,0.0,0.0,0.0,0.0,0
PNG,Papua New Guinea,2024,0,0.0,0.0,0.0,0.0,1
POL,Poland,2024,1,7.37,7.312275057045006,-0.05772494295499442,-0.7832421024994732,0
PRK,Democratic People's Republic of Korea,2024,0,0.0,0.0,0.0,0.0,1
PRT,Portugal,2024,1,3.36,3.329930615139333,-0.030069384860667014,-0.894922168445598,0
PRY,Paraguay,2024,0,0.0,0.0,0.0,0.0,1
QAT,Qatar,2024,1,16.4,16.279998326473482,-0.12000167352651658,-0.7317175214986883,0
ROU,Romania,2024,1,1613.98,1602.8420515682858,-11.137948431714221,-0.6900920972820934,0
RUS,Russian Federation,2024,1,152.44,151.38177834563757,-1.058221654362427,-0.6941889624519371,0
RWA,Rwanda,2024,0,2.88,2.853241006133168,-0.026758993866832004,-0.9291317314549609,1
SAU,Saudi Arabia,2024,1,36.6,36.340686038816266,-0.25931396118373584,-0.708508090664009,0
SDN,Sudan,2024,0,28.78,28.57461782542416,-0.20538217457584196,-0.7136281256953729,1
SEN,Senegal,2024,0,28.65,28.44551438965166,-0.204485610348339,-0.7137368598520952,1
SGP,Singapore,2024,1,2.06,2.0388962574143026,-0.02110374258569747,-1.0244535235278163,0
SLB,Solomon Islands,2024,0,0.0,0.0,0.0,0.0,1
SLE,Sierra Leone,2024,0,5.32,5.276413185247841,-0.04358681475215942,-0.8193010291605285,1
SLV,El Salvador,2024,0,0.0,0.0,0.0,0.0,1
SMR,San Marino,2024,1,59.56,59.14233900294455,-0.41766099705544946,-0.7012441186278512,0
SOM,Somalia,2024,0,79.75,79.19309568176634,-0.5569043182336628,-0.6983126247435292,1
SRB,Serbia,2024,0,132.42,131.49984923667196,-0.9201507633280244,-0.6948729522181919,1
SSD,South Sudan,2024,0,257.55,255.76687168446668,-1.7831283155333324,-0.6923425802883479,1
SVK,Slovakia,2024,1,0.73,0.7180687991263871,-0.01193120087361288,-1.6344110783532149,0
SVN,Slovenia,2024,1,8.02,7.957792235907519,-0.062207764092480744,-0.7756579063803627,0
SWE,Sweden,2024,1,3.49,3.4590340509118365,-0.030965949088163747,-0.8872764781454575,0
SWZ,Eswatini,2024,0,0.0,0.0,0.0,0.0,1
SYR,Syrian Arab Republic,2024,0,5.43,5.38565455397842,-0.044345446021579527,-0.8166748806770323,1
TCD,Chad,2024,0,57.05,56.64964958918313,-0.40035041081686984,-0.7017535684770694,1
TGO,Togo,2024,0,41.2,40.908961458458684,-0.2910385415413188,-0.7064042270403212,1
THA,Thailand,2024,0,114.32,113.52467856373124,-0.7953214362687504,-0.6956975474703068,1
TJK,Tajikistan,2024,0,0.0,0.0,0.0,0.0,1
TKM,Turkmenistan,2024,0,0.0,0.0,0.0,0.0,1
TLS,Timor-Leste,2024,0,1.43,1.4132411455937113,-0.01675885440628866,-1.171947860497672,1
TTO,Trinidad and Tobago,2024,1,0.0,0.0,0.0,0.0,0
TUN,Tunisia,2024,0,1.3,1.2841377098212081,-0.015862290178791927,-1.2201761675055192,1
TUR,Türkiye,2024,0,17.41,17.283032712090623,-0.12696728790937684,-0.729277931698148,1
TUV,Tuvalu,2024,0,0.0,0.0,0.0,0.0,1
TZA,United Republic of Tanzania,2024,0,5.75,5.703447626649198,-0.04655237335080198,-0.8096064930433456,1
UGA,Uganda,2024,0,21.41,21.255446120475334,-0.15455387952466637,-0.7218770645676997,1
UKR,Ukraine,2024,0,12.49,12.39696421977743,-0.09303578022256964,-0.7448821474925922,1
URY,Uruguay,2024,1,0.0,0.0,0.0,0.0,0
USA,United States of America,2024,1,0.83,0.8173791343360047,-0.012620865663995229,-1.5205862243945354,0
UZB,Uzbekistan,2024,0,40.12,39.836409838194804,-0.2835901618051935,-0.7068548399912429,1
VCT,Saint Vincent and the Grenadines,2024,0,0.0,0.0,0.0,0.0,1
VEN,Venezuela (Bolivarian Republic of),2024,0,0.0,0.0,0.0,0.0,1
VNM,Viet Nam,2024,0,20.84,20.68937720978051,-0.1506227902194901,-0.7227581104547378,1
WSM,Samoa,2024,0,0.0,0.0,0.0,0.0,1
YEM,Yemen,2024,0,591.13,587.0462878767099,-4.08371212329007,-0.6908314792498061,1
ZAF,South Africa,2024,0,17.33,17.203584443922924,-0.1264155560770739,-0.7294607967475156,1
ZMB,Zambia,2024,0,15.01,14.899584667059797,-0.11041533294020311,-0.7356118117219688,1
ZWE,Zimbabwe,2024,0,2.16,2.1382065926239204,-0.02179340737607971,-1.0089540451421646,1
